mask_percent,mlm_acc_each_epoch,mlm_loss_each_epoch
15,"[[0.31460742916590173, 0.39495746894314915]]","[[0.14346158504486084, 0.03684180602431297]]"
15,"[[0.317783724607712, 0.40037708307991726, 0.41904877752098285, 0.42099501277216883, 0.43376718160807687, 0.45736528402870696, 0.48984308478287314, 0.49908770222600657, 0.4975672059360175, 0.5424522564164943]]","[[0.0787605419754982, 0.054874174296855927, 0.06406839936971664, 0.053048450499773026, 0.0635562539100647, 0.05100645497441292, 0.053785569965839386, 0.04014589637517929, 0.052154261618852615, 0.03863570839166641]]"
