model_name,train_acc,train_loss,val_acc,val_loss
SelMask_propose_E2,"[0.22977528089887642, 0.3612359550561798, 0.5056179775280899, 0.6679775280898876, 0.8398876404494382, 0.9443820224719102, 0.9719101123595506, 0.9831460674157303]","[0.2046967253926095, 0.18634548877062423, 0.16471135204427698, 0.13459903862369194, 0.09307593488961123, 0.05921333283185959, 0.03878551868073056, 0.027032231660873703]","[0.2747747747747748, 0.5180180180180181, 0.6441441441441441, 0.7792792792792793, 0.8873873873873874, 0.9279279279279279, 0.963963963963964, 0.9774774774774775]","[0.19288134574890137, 0.17099829944404396, 0.1449757304277506, 0.1085603403615522, 0.07694403357333965, 0.051282234355673056, 0.0357806415439726, 0.02821487846138241]"
